puuid,gameName,tagLine,leaderboardRank,rankedRating,numberOfWins,competitiveTier
QRQc2iBwH5tXeX3-9jdpbnpoET7_u9KVYWihtb0P7Ig3tPYSEzieKyYqnpxEzByoLIeyBPdbcw5Ucg,ONC Shiro,14022,1,1125,108,24
1WBgn38tPv_g3kunsUfkVN9zewPC2alz3IAmgiZYvP0usPABKdRUT0-1gI9iwa-8bVhLy0XqigCWcA,FW JitboyXD,uknow,2,1093,102,24
xg2fGYauhqsOpujRai24v3qlCVr8nwGFEoJUs3fZy29d6IRK_cDNEq8XFZw9AhmOb7lUU9ob84O5VA,BAAM Nhatthong2k,tommy,3,1071,354,24
,,,4,1058,112,24
vZb2yoXoPQFd1nR2vMBLeiPDnbJF25Z__IYG8S1kFqfzw7x3oXWJIQfpnj0dwvwGTL1MAdhjt_2Xtw,PRX f0rsakeN,Huh,5,1044,88,24
OgTh_sfiqOUmEwrmFfmh4WI2Wg7DGk9mXpFojBHLJAhmNcqXbbqU85AT5SfQXue9U-EMQvE2Z6fuNQ,NTER Ěren丨,不朽靈悟丨,6,1029,111,24
K6mjk0vttD22-N4fPRm7kbe6cIczAwVO88ZMruUgTYti3YPNZ7xlnI5Wj_d41DNhzAsbv-PUxjmMfA,SBE azys,CSGOD,7,1026,107,24
iCC_kUBUO3yrczkUb4OGpFtgB2W4xpkphEphGXCOVgRHDEbnTo-6ra4iy4uVaP30p_2bf8M56uSa9w,FANCY cryo TâyHồ,f1cio,8,1025,238,24
cn-W_MfP5M9LdW0d3-Tv4zR2UCr71c-koXwzxUckBIsxPO3iUGYQ2ftVAo2xtKPK7PuQm_9TdJTcAQ,GX DxN,0303,9,1010,157,24
CZcviCWqn2LzRktHjVkMmBrcySSG4nlHhPmljt7utIcn5Pywnmb8gYWxDGIfZvHAlzL2FMY6J_kvEg,NAOS blurred,pit,10,1004,109,24
HCUMXRMSoIwpayDIX6i4qEKdvLzBD8DuxaXYWIr-DxC0uf-ppkaVEwVNiTT28l3jQzKj4lnTJbcAIw,NCG Mojer,STR,11,1003,139,24
bxOcY6Enw65DLLcoY_T_OO-Vupxi2BpJ-9v_PH4EwH_Df-wY21e8xrrkWPnjiANBQO-BjOm7Dmqd_A,Secret BORKUM,1202,12,972,116,24
Dq1e64ma61hIQgLq_iw5FPEU7rEX-uE-GuyTMoTokDgztK87IRoMipemnhdudrFV90KwGVXLbRH1ZA,BTR sayoo,ndah,13,965,88,24
6dzo1UcpNKRmqgHpi3NgDOF1c9N00DO5ewL6_U0i21-BKMLHPTVaG921Kn88pl2Ubo_b5oRyOIKWpQ,CG autumn,prada,14,954,131,24
SP5B6G-MTfdq1tnEnHo9QQ9H1rOeWAbW_eluZ0IsmUKKcFrZdcjRCJtZSMQuZsOKh5IcZrOgU6o5Ww,PRX Jinggg,Jing,15,950,79,24
BOWzbtBSarxJOK-YdGk3_tz1VkO_QWpm-ecionfmqnR6aKUq41GQstvxcK1MEol4GkBpXXvqag0QDw,GE scrowssi,4646,16,939,160,24
vbvxs5hTZYpHwl-KlAWe_uiL-r89GKW5M38i9U9qsdF7r2B64DXkeClSdWRIbDhHAwYUlPBmeuI0gQ,BRN EJAY,raya,17,935,118,24
kJJfujw4fzjWKn_idBXMfnCh6hila_xLL3sNDRDJuPmBn9FYFwo_V9Pu7zEe9rTXLsoES4PwFN6gcA,ETH fluffy,JIHAN,18,919,136,24
Zy0wZCzJEdCtgrBMXe7SgFL_2x_4le2MiF2wcxcSMf0Z8zddryK76nwGA8vppVOJ1pD4ntu0GAxU1g,BTR budimeisteR,ahoy,19,917,140,24
rKBgXaUWMbaa8gUNZm2okCZLliU4cr8iUqeU1luGl_lHT_WS3OWpWGxlwtbcxN2DB-XWwQOGa5Di9w,RIG Foxy9,krjp,20,917,137,24
8RWgThh89q2t4s36u1OzN6Pj8ypruXuMnxRu1MKn8MfwNjSaECzKENGwFCeyElNrnzydXYGsch-QuQ,juicySG,hilda,21,913,79,24
ZzrMb49-G7UjkUfHNwEUtnwiW1W89lJzizRs9QroOzdFOf-kRC5b6B4ByvF1Udslbbo3AkEdWsVJcw,WBG FengF,1tap,22,905,86,24
MKgo3avkQ5qjZkLZn-wIut57krHrrSchM3fBPnFbFTamDF6cs1NCYpp2E0M679cUYpBUCHhKmZR9CA,Yongeatoreo,นอกจอ,23,901,124,24
lmDDreGwjvp5FCRQ1q1gR45s-cufl_zqtgCijXKXQqVWcc69zXpG6Vxh4tmQat7DF6VZGChYwJ0llA,SG something,9861,24,901,96,24
e0HtdrR-hINUrhOKRUb9EQ8wfhgaLxRNmzAm2VoSjzKohGMSuhnghO6AmnO82v0ZNJPgd_6Fv38C4w,Touch Me,1406,25,899,92,24
AhCu8RJMIqkuj2CYtui7_rTF2dirUF8YTK9-E4NLEpJmbC_dx3I4WoyIRaXdK0asXtwCc56FFKBy1A,Divine,2000,26,896,57,24
7O5Ep-e4tBfJjt_EFefeZGM5gx_SSg7jLC6ADjXUF92ATDPFkhGAg_k2lQvKNqoaOmzEt2Kjjj6npg,SNH Leviathan,Bell,27,893,185,24
,,,28,892,145,24
FjKmxPtj0ju3-bLKSGr8ackTWZtCRCGWFZUVmMxaMFwcF2oSS4ePtSffLvyQVQvf9kzX4nT7vY1BGQ,FS JohnOlsen,1TAP,29,888,130,24
VF2XAkImNDqbIJnDcW3vg33I3qbuW93_cx6ZVvO3blWmX868nbZLQLDAtSMvLBpsVxec9bInt7dBig,BRYCE,7777,30,885,184,24
bZ-PEz03-H9U8ScXtrEv59AbrQ2qGRg97MXgshEnSKgxN2oB8An_Ga8UosZxNqnAoAmmyTjKDOvbSQ,beo,rain,31,879,121,24
pFjYc__TmyjSinnXFve46Tu-xLaIVcIojyjESxfXGlX0KLm58jbTXnJjQlAIe863BmtUvEaAxnUFhQ,Vengeance,SENn,32,875,87,24
aIMoS4o4yWwiCfBHGR4pgCuh0nYdf3342BANJR4qLphh6NnzCAbtVzT41ueBGdLTL2bfedEjqsB6RA,DEFY eugeneS,PVN,33,873,129,24
GzjfGtH6WClO8uELK6Xp0w9MS183VKIOi8Czu3PhXe6kZl8_BzXJpycgwrSBtqJq24veL0Dyn1RoCg,APH tesseract,chii,34,872,162,24
NwK4AP1UiE6no5hc0kolHXLhs0g9XUh-6eBUnPXWOSbCNZqznIVhhN-wmpVM8Cqss41HE878qSsQ2Q,nephh,888,35,870,68,24
KNbSpORBE-yo0HZELk82p7191oV1ThuUD0rmxfstA3mWJ0vkKWqW_NAdsuH8kkE6DOXIDixOhbRTEQ,CGZ kobra,CGWIN,36,870,111,24
EWyHaclUu5jgH8kiRjqTiuU__VogyD6Hqcx8MbKv3Z0MzE4oZgMRhyV-b8p_eelE9Zn--BNbBAnBYA,Secret JcVash,1030,37,869,220,24
o4Y2-_MNCaLl76AMMRkrITSQBBWitPc_AixGuZ9SAn2fbaMWS9dLP_Ke_KfUfdISAzDRN0z5NMgKlg,BRN Hotsauz,CLTCH,38,861,69,24
HnZk1M0fz_M7_aydpA0VPj4PMu7uuAoTJVeKXvzT8xRZnHdPYwDcg6vStn29JfI7nwdEov3dp0wT5g,Endocrice,Endo,39,860,126,24
FBqoQ8IUQmW02BUfVUAg_1aWelqgSCVRsY0T1POWmT0L31y_LyM-YmwfSBthyIuOLnupjDeUrjaF8w,HABALA BABALA,Xenoo,40,857,171,24
evbNyPYDGpT4NUNi8k9CE8Z-y6O7Jk3YCMi_n7f1VrVj2oq9FORKLzAqWY9U-D7p9yLD03HPDKsmaA,NKT xZe,56449,41,856,112,24
GujVvnUUOhpP9Vss6tghAMAlGMrIXiy16NMlnZOgLWEHrdAXF6hnIC1CdQFhI5A5B7SGzKCfpSbspQ,ZQ YuicawTnT,ZZYYX,42,854,91,24
2TFCpcCg0S588f3OxxFalFGJYs4gDQ65Sd56pIfa-QEnvksSP-U_nQL-9JFdQdXt2FWgiubeyA3tfQ,シェリフください,800,43,854,109,24
eyZvJ1Fa7CO-GadJQK64xq8xt9u7y8lEmrsBr6wRKTWdCct3pUNaucbIfbib2HmjmvKKNprnMGNSAA,NCG Yanagi,STR,44,853,94,24
80lEi6hP9uOCd3gqUT3LdAVtxewcX9iIKDsQ9J4l0jyxMHRhr0wK6VYV2mm-7s2TxyGrs3cvhxuuog,VOID Xan,Karen,45,851,79,24
9nYEZVzKu5uOZjR3Ai_msM9XdVBIkn1VMWoN0DQQTM6omeRXANC88oZ-vdtZ0DTECfnDRC__dg6A4Q,JayH,hello,46,851,80,24
uR5vnoaOftsUS5SGlcfrifIQyQeI-uEChln1Zzk5qNCrTpNl_3-gttcjx7V7127u4vkvC4p-0Rc6Xg,Yoshiii,1127,47,850,110,24
o4dkRUgy0VWYlEO7taMsAfaRhEyXiKykzY5sLxjKrly5QEw32Cfx2YNfsPpL2JOt5rLPzwNNzYambw,MAD Pablo,rita,48,846,125,24
8ayczNpmvgcjYnzUQ1s8I9C5XR6-qJVBoWK2zDqyCS2biINZI3MWhP0oqlOp2nVIKgU00eT0ifs9NA,youre deadly lad,oiii,49,844,143,24
xTbdfKbrklZ8ahV5fs4gUkJdA8GAYFyZgFPOt7o8e_-1M_ndoZ2fibr626cxIb2yoVyQmcNMShBHuA,BEASTJefzzzzzzzz,JeVAS,50,843,71,24
LqgFg3RnlITi8Ia_oRCuPcJGttrcmq2LFaFbM5SSW-sqML8CAKN9inGA9cskDO4OocsKMqep7EJRvg,iCant,maybe,51,841,76,24
eXzyEYSvJjjmpMpg9-Or2DtehmNefmUSO1YddUfDznAz4fo30gBUmMpQuTEEZs5cEOOjqvIbOnKrIQ,BTR Nakya,2033,52,840,114,24
_ylGzeLkxY0NZqy3pRnA0bdebK_fNtey66XxPgosusGNj957LoiFTsk4cJCwsHDUsOns4BvqnMiWMw,i love aiky,fireS,53,834,57,24
oVwYWesOssVLNCzqVeJeEfvLu4CB7XgB5lP47aAtPeZe865F-1K8u87UaaN6pif4DZOGTlL0qnYF9Q,FAV bazz,6676,54,834,186,24
ZPLpEGq-DLs1JY0ofyWVZbmbnzARWHNY_ZB0e62VmV9kipXC2R73HqWo8XxuSbEIvvaLidaTscjncQ,HB SUAVE,aphm,55,833,40,24
qNbx5b-TdK7_s01xTpjzT5C2rv7JsOtQeVH2tcvvpTKQu1bxM-250LA-Luj3k3dGbU4Uulh2JBGiQA,100T Mig,002,56,831,74,24
m55Hv3SI1BuozVjzPD_xHJswKzRcEL6zLKG92y13BpKTqLq1BlqA8KqaMVOqAq-U7o0Q_keSEz1hVg,Luvnonggrand,baby,57,831,159,24
,,,58,830,54,24
bybsqPQvaId0b_wqKkBsGCwFWLuz3fA0KZocqh_alXeQduOCRpKVwzp9ZEj3nPJC1z6NCfI0FDqplw,INF SoCoolSoDa,soda,59,828,162,24
v0r8dFQk4kn6frs1DZao-27ptr731w6lSWFd9u4tbKrR9BosunsXi410lVSbdkOgk1f6JR14TiWYOA,ORDER WRONSKI,000,60,827,92,24
ojNWWFiMsg_AGp3aZ-Gk9OEuD5y5cbrVKaAGFXqCreFOEDV-sP_FH-V10EyIQkYENfg-IIjH0zvHtQ,OF NoMan,Wazoo,61,827,150,24
Gd11muoYKf0yit9fb-YBCrZqMCT9ZPye6WeTnA8PQyBBoq_b0CR3imvsXhOfqJxN8pkPCvxri2yKoA,YUDIAM,GRMLN,62,827,100,24
c2COiiojIeaJDm6FQB0py7INxkyU2bw3LIP9yyuKslfkYKWjjFUP1YL56q0fMQNG6WcinI0zfFVLGQ,ONC NcSlasher,14045,63,826,92,24
E5gKF0LpY-0Hr2g8sWGijP-F3076pYymb0JjVbG9F0IrGziLN5A5W-0szocKU4U3V2OX1-s5nu-VqQ,BRN xavi8k,xav,64,824,54,24
_AdG6iA2FQ_gezi8aqwZ5lzBoJV2VDX3p6d9d_K6IwfMY5rfNZuYrndL1kgWHq-FvnTmtAzDczN0gw,BZE sora,vei,65,823,94,24
9-ioVAVZr5deZwbkc8CHo5R9ZtMNzVjFHH2al_iUOsIzPvVWC6dHsyZ0UFnsO_f6AHefFuZJWYSfzA,SP niffy,uwu,66,822,51,24
gSXVwaI-i-V4yYqfq7KVIi3dWDo5-0DQmQ_dtxVn7R1vSw_42SxxzYEC7Hy74N4311S6JHLpK4u_Gw,DGW Suggest,Oily,67,822,80,24
,,,68,818,43,24
,,,69,817,96,24
i_mvWd31FlGtQDGO2gIj2rVK9OLNlEx5WElpHEn7K0bZgxT40cjz5VjwvwUPqQUR1HurJCQip7ZR7A,RD FleX,2fast,70,813,96,24
wrYKwMw9WvjwBaA2uZV1X4VW91me5h0c9n5yU_02I3dU16WimFXLJ6iBRgBRaKMQ6cl1JRRg6Ebs3w,TRIDENT mazuong,iuchi,71,811,102,24
OsWDPr0u9Wm3gaAQKAqcVgM1NUZBknYpWZGPMCBdRnxr87uRUOp34EsP63vnw7aDv6EEEY42BOkU6Q,SRC gelonocap,REBEL,72,810,90,24
0PaYrDmUnjS9e_Ijpf0oug839eAoNYOUfJ-QJlwT3pvO4-aW0kAQCV-rjtC_EU01tVuUYxlkDD0H3Q,NOP iZnoGouD,Etern,73,809,122,24
o12Nhr4GKU2SUviNcxQSQYlh__VqGm3MCrY-qnCygUOZ-SuPEUamZ8CkekEXmmoTDRs6DQtfsvTWcg,47 maitee,420,74,808,105,24
824u903Hr4NfibkOneTPryp9T-CL8GySyzYUXcwFWecrwzXjSrkhE7UNfkhdGD2bA8SqMpeQ_dVA1w,SG Vici,7439,75,808,100,24
Speghf0SVOhPtjJIM2vLxRoufc0zbA-s9kUgDS7LmSzV1GgwCd6nhAWBzmwCkvkxoyDtoAiCvLlNTQ,razkiNgz,LFT,76,807,144,24
aVjIZ67lBMxObLtCq9edM1oYv7a-oK72IyDgsVuvKIY4wWGVLjnsxFss5n7iR-_RPXIUb0CFaCzgHQ,FlukeS1ck,6969,77,806,58,24
yjdmfBrxdsprxIQsilJvQDO28e9_P2YybFO_PByfq0V_dLbUQ9x71o-fARH3hVOyoRrlj0NAHF8Ytg,Klamonite,Tyaa,78,806,77,24
HBinmnd1SscX3w9qrxxkCa8yGGe7iKoHwQ5rTYy_Lll1iVX_B0gM37B3rguQM-Ps-JkD68GO1uhU-w,DeadlyWill,4real,79,802,42,24
,,,80,802,63,24
a9YGo1KRBZsJ4Yif15fSvcF2e8YM8RuQpTCeFJQoEioCLMoel3jvBvf-xYjf90mqHBYCy6bYeQ_q1w,AIM altG,gonxt,81,802,75,24
pbsnSZ-40QO_TV9MJTatPSOJYQx3of0j7zkjgR-ue7rhwhyes8VXyrnRy7k1gGJiJmRXrCKQ-alO-A,GX Vera,0109,82,801,66,24
Q6lskjGOWLNbyKIraE7IqiAPRYC1zO9MwRp_LgewmHDfyra2Pzotghew70W6IXedlGIwPL97B6b_Zg,RRQ kellyS,RRQ,83,800,85,24
J4kqVUjmKUkoHySsOhX9YpcF83CnGYUhobWljmA_lwTHkXHi3DP1wtrKf37kn6clmEubDqzgsc1iqA,NAOS zei,MINA,84,800,76,24
gBsooLTcmNKZD3CkU8Zj8tZk9Wfb_fUAYXXpDDSYArB3srp-g2r29wqIiQJOQZMQ4todRu4Xpt9ngg,CR Meiy,CRWIN,85,800,121,24
AvfFl3VGmEPb9uf5aUqEaFqjHyoT29c3L_w0as5krEZXm9JtHqSZEl52SsRFLKnqkduS8caOOidlJA,Reverie,shy,86,799,81,24
_0VEr9sqMApqO32ao3uZVleFqrauF1XqSVW2SCTYm3hk_Vukz9q1CyHLvqAM6BAbcw0wVhK9_g_hNg,WBG Smoggy,zzZ,87,798,73,24
RnE_7v_4pKEYI_Gs62jvoehD1sHOX080R9LqYzM8v8SKn96nwsbw-arDzNuckJDx7SNbe-fYSnJgqA,grumble,1111,88,798,174,24
p3mzC1zFnmStNyHzpEzg-uS7nBD-MRDxQkpxYc8il73L9Kc57LOr5uTtQdSNXMjU6-MTQcrmSrFtJQ,NTER SpringTnT,0915,89,795,47,24
VhXWIViikKhrg5-8qWZj4h93--iOyto6H93PPc7Sf__M3whZqABYUOQUxTYTE0rjxs2niCqz9tf9xw,BOBO skrawl,wow,90,792,48,24
zbeeBA_Y2EDBKz6NxQwizIQ6exa7-vG6JH8n7Q1hgZ0oFzD70ApC7B_s1O67ha1x6AudIPbiUqxaUg,X10C xcool,cool,91,790,68,24
qz3daO4bfIxLV66dEektEpDPxSKiRy9JPlvNCVoNXE1yCnI73t-YncbKT-SmdNA_kLfaaXR7XwseRA,iki,0617,92,786,51,24
dJ6qAAL2o5VW8XtcDQPu3sPbLHylemiYLaYoptvz6b0XCufjI5-LCivG31nGEvOP1cUEfs4QrcuKjw,muchas gracias,SlUUU,93,785,71,24
zqdMRhfZ4eyZxtzAYBuzrvG5d8o4U4riO8G3Ryv-ri5txNClnZcCJFMSDTkcH6tPX7JM8Cn2ZZQQ7g,ORDER rDeeW,1234,94,784,74,24
lMyX-S4FmRkqYHte84k2Cjpq4Mu7MyXFwGeGfISOFtCZGP9O0QnVGLUI2clIF0KbdP-XLWI72fVlaw,OF Kiuuuu,OF1,95,781,187,24
X9Iv5LgP1UZmiwM1RFIXJ79ekJdOg0b2Almowz9x70Zi_05YctcuirM94N5bBZj_HyUkUuKborlfBw,TRP n1ko,19111,96,779,119,24
zoZhzoiht3uUTf9zaR9Jrbx6ec607ne03jjxgr60rPRQWHOm8dM447f6ewbZJAoIitkDvQ92Rag37w,NGX Karl,00000,97,778,54,24
z2GblPyeQHF7_yqH6wJW3cQZVGUr7BN3Nlm70qn0Bivwrwewwo35T3N-WkVJF2_lQPX7zCkRvLTOdQ,APH EmmanFPS,Rya,98,775,89,24
,,,99,773,137,24
25oVtE6kSdiZ0xHm4n3LGCUZu0xYS_SN3MGyATs1zDijo3eQ6yjeOANr47Tqqhyo2x8y3FEoQPdIYg,RC NoriseN,000,100,769,63,24
3VjMujB8U1b079jKrH-Pld7wsiPvcqeoB28RHBTPVLZ6hAyBUZQIaOumZoN1w2WPAhW7vApT2jMaYQ,ONC Monyet,0605,101,767,60,24
J9kt2EgoAkp9KuXSehStbdJQR-q_Yh5LQco9xn6fhcsBXIYbjsISzP9y7Almwccv3A7g52an_PNtAA,dontcrypls,hoam,102,767,74,24
KZNr5wd9C14P07F9O_ROxKPfz4hX82CEpaNx8RyrmS6pQzZBsb6ntfNy8-ht8CnzVyPg4O1tpXn9UQ,spoofy,ukmtw,103,765,112,24
dOE8RBULZLw_juJgQSipQvUBQ2gE9u7l72NvPJ25DmNhj7UYmRtPJu1L72ASBtoU85CCD0WSWqXs4g,LFT wink,hired,104,765,82,24
yiZeTPV_BZAk2PAPiZgM4T0t_aqPfbSiz64ODVbQnFfU9s2yqLSnSMJKmIyQ3se9ZaB2O8HSiIYgWQ,KONE KnightQnQ,4321,105,764,64,24
SbooR5U_SLfSp21rg-HHdssOK9w4QZCquSMjQ3b3sNwUCIkXEtxGnSV0ydaT7Vwb-LGQYGonV66DQA,rock,0704,106,764,107,24
fnxGUeSSQOz8DlXXk3FHFOTEtvSfXA1ogdHW7ljoovFqMP0YDKqytuRVrwKCclht5LEQ9DQwM9utrg,y2k,dumin,107,763,147,24
1jCdK-dGCsg24xU8UJ8kW8wah9bo7mFEYNjBbk0UxI95PaPeqdEhg-SM36S3yWHY1LPUxadMapSMRA,BOBO Nozz,VCT,108,762,87,24
ssJkfwFlON2PggUWpVv3OhVs0Ly2RYc2HxzY_lVk_WvINXRmPZ7tDMTlVdWy-b1z1ZDm-e-L7BgcFw,OMG HABITS,Hang,109,761,55,24
g4Zu1exzvyViPN5vZ9pKZX1_V5Udu-dqjSBxNfekXROrMYiHuT0KwgN2GQJt4NTV0gsmeM0AWSTlWg,NGX ZesBeeW,666,110,760,60,24
hjV_TWHkL8HyN_y8RKzTXq4tznhhVHd8DW0vR023XmnUsoRq_-AQ6PlOP0tEjPgUz3Bu-3WqcXEQBg,RRQ 2GE,RRQ,111,760,102,24
gl4jw-ts4QQax0nnhEzAwynIb8Ax1IfB-uqO5xXI6GAIgTq182v0c8l3_T7CHmCFWt20-UPT-CENQg,FW Apinya,nti,112,759,43,24
WFurLlEye8s8dpPusVoIb-5b_PuQW6SvQxibKsbSzN2MqP6tGfuHM58USH0JEUcWcexJ1REGhSKjEQ,BRN JoshS,KADQ,113,759,110,24
Iwj1zXGXzjzuB91RFJRbvsxhyTzJDrz-jKl_BpDpbLAM18Q_CB5QgY6rhjzIPhgM1WAKBv0Az6qKmg,kappanella장미,민들레,114,758,125,24
O9Ueu70LBN_U1O54uupg6xmcPf3qaJg5Wi5IdAWpbG-gYiEZFNjkvDdktsTdQ6gaQQesnn7aKWjKZg,alvyn,ABP,115,758,245,24
lYWFQOA1d1cbtgbCDjDg3_IsuMw9iJyYk7OIpFwGxDai27ETKkR3a90VRdIfhQMTxo6NdThLntD1hg,KONE Ninebody,21104,116,753,50,24
GTgob-ixo4a7XzyLSRE2UfRe4hHV0l5AYNtxvojQq8dJtz0RTulYMOnPc5bLnrRiIIxaE8KSmTjQEA,zoon,IWNL,117,749,80,24
ZeVEHfTj149oxkfHcAIZVZhXEa_tG76gmsU_GCPlX5ISuNlyqSPU7keGPKdQ4xkgh094io9ONWaLeA,NKT qqGOD,Wolf,118,746,64,24
xH5KLYpxrML5s-K6nq_-bF_bfEQLc9FpB1q0LewkJMSyardCs8_rS-_fGGqo3HNE24cg6djYapuspw,BTR piercee,CNL,119,746,73,24
BfK28Ic7qPYW4_QKRf6k72SC-FI1mAh0sAcZH0oNlj7ipRP9d6wmaWbhq3HN1uqMcbHoBs8mNvmKsQ,AAA ROLEX,CSGO,120,744,133,24
qZYBgaT8lt5ySI-VC7Yn9sWxd9G1U5zMfTDOKC-Zgui8_4IXgjDzMAF0Ten354K6YYd4qaHPEK6gdw,PLM aLerT,aLerT,121,743,94,24
,,,122,742,58,24
I8JFP_6sIrtrNWFo8HU4_n2lOrWncBRDiYZGkzDzct443L3dr7UCvU9Oz_wbiwdTYWT3g4nxRHlr4A,TSM FTX RedKoh,225,123,741,69,24
5sAIInagbkJl6-MBdAPoBwHFLIOLCbdFBTm86ayIrOWDDRCFHUVwQ0HbCCUxE6DfUguDsx-eTEkS4Q,WBG AAKOvO,0821,124,739,83,24
00P_REyw57ogByaEHpV7UOCSdwqdEnv5PPMWjxs9f7HOA3hvvt7QNEjXjCsun2cGukSPB79aa_PJSA,SS ZYND,2525,125,739,135,24
P7KYaX__H7-147V_-0SJBObcOHWjislaSygyadyUu_W8Gx9aPE3iVZKSzkZQjFpNrlz6vlodbAcHBg,NCG NDG,STR,126,738,91,24
I_Yh3JuK14tTN8ysqNFqsloYohr8ySBTnUb5e7bGCIk1ndTExAtpH9vvvNzCETu0Onr09kZhSEub5g,NWG Death01,桥夜123,127,737,288,24
_XwGNfrD0VkzEs2WJBetoYEC8UiYzs2qIB9NNpBPicF0QSP630SZYluFcjoZd9f1AmHYvaCI9tjyNw,FANCY Acerola,0love,128,734,93,24
a2WeN1oKpyc3cj5bfhZ-suJOpuHEThxAzP39aGFfLiSPcrQdyy7w-lf8WRBuumT6MByV1C_dx35Nag,ORDER Texta,1595,129,733,93,24
MkLDhsKlDbUIwiz9QGWgPHeszDVRXR9Wqr8eE7S0txOu1gbbJB1zU0TicZmlFbvgCmHzJRSu5UcShw,ICON xsus,2683,130,733,117,24
mCnGRyA44WgE2xJXa3pkTbIXNrN9XuiETYUer0eOp71CB1QIVtwG4PbH2sB1NyyrrqcWnmkI_kErYA,Riza,yabai,131,730,76,24
UgjxVg6yVSVk4UnByp_ytFiCiAOYM3zD1noKwDNxYADGVvc5pioqXMEvA-Lnhh6DZVYWx8IUVYB9fQ,BTR Cud,Speed,132,730,111,24
MIip1aWbgw7faRSouqP_gkxasWQjX3Utj-1NBi7uLaFx44pxkhMcFTUDBC9G_CpxXLz3x_LjjTXLXA,SZ Grooovy,ZERO,133,730,133,24
,,,134,726,40,24
nt-3dGd04_MMWRlqRLR89smqbzX6xuxIMC7qa7y8TljIWpEj2TytZ7l6X_zBoKjT6jivprAZllCktQ,CGZ SyouTa,忍アカデミ,135,726,99,24
mN65sKRA9FxC3ztVXZToIvhrzibUCx1iWB_Jc-lijf1iSRfFUl-_-mAcBAi68jvYZkXVtB63NHoHtA,CR SeoldamZ3ro,1111,136,726,111,24
,,,137,725,50,24
,,,138,724,91,24
5oqhrV_nt2c8dhzKhSiOKBxmDK93hkgi4YEKUN8T9zRu95DlSam6yZR6iGFhMqdQXhdVTpgLObF9jg,LFT FrostyZ,SPEED,139,724,136,24
,,,140,724,99,24
TaNhOkzmr9urav6spPoFdBXdwN6x5yhB_yTA_vBgLGX0DPsU5LvYpJA4FVgPhoTlfH-bghtoG-uWhw,Hyzee,0502,141,723,93,24
rt1bAPSd5OXDyHvv2RRsqK_meTpOOWv6M2gFWZGl6SxTYXHCTzDMCMwZGpCaKb_hfkVqUOYxMsYJJg,Brxndon,0512,142,723,82,24
FQMDIFSZ4XKMgf3PVEDfMa6x5icgg0pzPzfZcx1PiahSVIBby5gY1FQmorgbu17_YfysLJSQZtY4QQ,INF slash,KingS,143,723,98,24
5uS3erPf2BO1qE3tMakGBOX9RUCtPEEHK9d_UJwM-V0V_C36YGVFwiy8aXo99w5es_2uCR74ECRiEA,Nth Meteor,1219,144,722,40,24
,,,145,722,62,24
KWtuQHoeijOgf4ZA7kKKPyx3fvNYwCbIID_p73HoHyJyQqDOvPkXNdiQkE7Ecq7spKS3xYN0sKiE-g,vascalizz,777,146,722,66,24
0lgEo7IZ63pF2t-jEebzz0F7PFT3qKj0yn1fmSrKoqOMZZOa10IhdRbUONXturNS0jZMpnyK_evNlg,NSF benaf,我爱当兵,147,721,149,24
6D0sf7utIAcvb-JtF1GddYTPbYpfaiYnYivS3nITIW82YsQrEyO72kRLpR824d-4kOT-Kc4r91ZR0g,fade,fat,148,720,111,24
sK8TxeaK4Y5TQ-ZSW6sNSCQwNcmHMvDazHb24wsr2bZThRMO-uB01UDeI6jUcdBpN3o2ZlLmEtevnA,AE natz,joan,149,719,62,24
Azo6XYyhCR_y6ZkTfi-0_cO2KEiZuQErf9MJ4dugWZrX3owCWaTuT84aBEuaSDW7Yphv9qkM-9L3iA,OAS Wild0reoo,SNCD1,150,719,79,24
7RUX-mkOsUO-eeh4pBYqhdsPpnJe3u0qNQxtwxN8Bc33ZYn4IYYMLM4df2QYx0pWYqjKJWxotlhssg,seif729,6949,151,719,148,24
xpK0SrvEIFzCOamXQtnEhuyVs054WwIDOI1rxep4zstcX0L3Q-t74dtsEG96FoPyy-Kv62YYv6v3Kg,NGX Astro,shara,152,718,96,24
s86cdsiknkl7U7L9ykEMnjR_2dpdrLDFSQQGjOjPMB0kEtPvj32Uxso_QiMU1HS1VOTPf4hSzc5e_Q,ol ok ot iaohk,bongg,153,718,80,24
7gueKKwCdbEedrQusNJSPjFhecqwR5pKQqJjpjqonu2_F6M98-oXxB7NGujvTnFjfU4S6KlJ9yeAew,VX1 Yort,VOX,154,717,72,24
1IaZfD98qbc948H039SEV8TDG-ETz0BghhwHLXkG-1fj1TL3k9W79ZDcaK1hfcDDUB-mQl29zWP_5g,SZ Anthem,SZWIN,155,717,150,24
cO6Zr4WN4ArecSc_TLdlLsBpqvQahhE2C3obQ7AAqBYjPr-P-lZ2sYkWFgZxUeqzCONwNWWIWl8Aig,DEFY Gadoerzz,Gwen,156,717,147,24
G1dab70hz8u7DYH3b9GbG0UasmZEaJOOwuKS-mhnR8a819-fQrjDFmlk4slv0uG8Bi5zt2V7jRCqeA,5M IN PARIS,7Jan,157,717,118,24
9wZxnG2B4oV0hUXriwicdiUrgbWxTdzS9pXjihUj75pFeGAaeOcmy5902fSTDcXVHxtqOxZ_A7BNUg,ICON jtxue,hyl,158,716,172,24
cDzLJpUMiBVMsqL4LyelSGHbEWRIC7GRPE5-0mIbaidQ-pfQ5g6GipiqYHhmwG8XEXtB6I0XCNK6Bw,GFN XII,777,159,715,145,24
qDiaiU8COO9P7eKqP28azq_c7mECj3gG2JNDaViGCeMG5OMB0t7uKrcUznaubBOVfiUowWc8EpbYSw,XIA Surf,0505,160,714,76,24
,,,161,714,100,24
,,,162,713,46,24
WyvH-7UKRLzZIlCioRt8EXsMQkF9HLa2BIAugIzAF9CIaVi_enWVlcfBIsNyzJjeGSNOblAP-kVPcw,NXPE Sheeshable,Maria,163,713,75,24
z_q41Zi3tW0A3I8HG7xTkpwcv5SiCx3vM7fD2wEuSQjs5KH2-ELY5j4euF0ZpAACoQkST4ZEkObV7Q,BeomJun,LFT,164,712,144,24
pOvRHqtwImOvzKnMxi2M6DzP_697m9eGigHN4WiaJCT7PVDUA4lPz0QHs2Nc5Myu_CyFOA7Hu4Ai8g,ZLS senyorcarL,kyums,165,711,84,24
wM8J8ZZ4PT8mzQztVt4NVRNn57PeRXTWQdwpyAU3QV7TPXQQzCbcJfd6X9KLIztqSmtyHswnyObkxg,muangthaii,tung,166,711,139,24
EB0bf2cm4H5i_ANjRx-4u7luWkCaO82Nbu41Y59u4-iov7pEN4bhGREa8xupYZvQJ-ndWDSROqv3XA,BME fl1pzjder,khb,167,710,55,24
bhskYRoYyRYgNKxlfVFknY2WXzeM7TOtWCFvr7ueS9m1BhSKRc3sKiGOWgV_KaQ0OznoS8xqydZ4xQ,K7 Yoyo,K7WIN,168,710,128,24
H1U-Mq3a3cDUI5yj3ssueWY4PCJtHU-b3jP2tsk_ELVL41arYE49RccZTtu-TDgx_p5LfJDDn_1MfA,NKT Raigard,1243,169,709,176,24
,,,170,709,146,24
PvfzRsnrybDU1geDJ_XJHX7NrKYCxjeHpTnGvArmNi4WkrNht1kFlcCVEv_SGPvq5NaFBnjCt5QCoQ,TLN markL,TALON,171,709,107,24
jIU-3R-FflnDmis8EmkFE46EovnPMZFfTcUhUlAs1U4EeHhQ8OHIWXsPCnovvkviEXkNm12VqNXnBg,XIA foxz,hello,172,708,44,24
UQ0FAE6vUNPJu0icejag0DDvXUzH3ZOOfZeReVf6AHDNUf3EEiieAAoYekBvMvaVH_q-dbxYzyYASA,ZETA hiroronn,sann,173,707,42,24
,,,174,705,61,24
RtgTbfwdKnMf2XzY9EVrPfZNr2Pzp-0U6509CvQGRu1KpAYv_BYliJsBo1s58mSjfhL1VIOFzOX7Sg,drus,1218,175,705,64,24
4Qn9b2oiYR7cv7pnkcECIdOYEm89ig6Owik8rS575rQsPJnFUrFQvz2hE-dGxwCnS511I4w15LL4JQ,Mr Dumbside,cry,176,703,80,24
,,,177,703,83,24
IxUeQDaWTqlLkWtDWkBMfkneWQUL6TxmWLwwGxV0CBrODhgIdy5pBoeS-hYE3ReQo2bwObbhco2R_Q,umaruchansカワイイ,umaru,178,703,91,24
Q-6nSoBxCQ62-h-dt9ZD7TPxyNqd9uQI8FAeVxO7hSCsFxszZs_QhQo8DU4OvmhHno1Y2pR2ff1tnA,f1ssion,CLB,179,703,166,24
tTHF4ADGFwVrZyl4GRfIo5ayc6z7uHl0DF9wpfACY8HFyNRkT9P5Q9DeHnSwtaMTDQ2j-WM0eA7FwA,SimoNNeo,LFT,180,702,135,24
oZc_wpRZb43BMTT3JXVjamoBLyOFfGU6JaCKRe5OTA4XTytLJzxmHPDTrr6SxUvqQUKp_6x6V9PmYw,BB Jemkin,1351,181,702,49,24
p_mOw3qhrFlY9m0EVzJ-j3Gx1GH5SoslHxpjva6EzGhNUZLipOpGLU65pvHFkt8EIeOLXgzK0zAZQg,MET Daddie,STRNS,182,702,78,24
dhcuUrfbU66IFsjI0jm51K0E3lOetzbBo5LG1wBFLpaksvftEMHFOPMkGr5n-dimbGUEJMdQsOIz_A,OOW YOU,OOW,183,701,82,24
fRHzXusis6DaeKJ-ggsa_g6EFMOnnfVX3en6dgQoh5Mn3VaoXHOKNunLDeZfbpOAaoRqPYMFInGYLw,SEXY M1KE,Deys,184,700,171,24
jLDSq-OdHVaNV6ShNfeZSFyzPvctEHLQCaHaexhW-gRq2HamD_G2fbjQpyBZXFVXSHBUDG1MBBJyrQ,GON,TUYOI,185,700,92,24
pD7ETiBgDokBWIT5-FaK1HUQp-T7cWTnTcUo-WcTstDIbQr8Ap-g6RDVUDZ9Y5uWNJWl8XYA1hyopg,47 Siraphop,wasd,186,699,89,24
,,,187,699,253,24
QS6up9AlJn4WC2kF0ZEtKzcRS3FP4QVpmo2yDQ-9wnnVGVt-eBW5SYhLtMu9lr29d92xBnOL-PmkoQ,NGX Yohann,72721,188,699,124,24
kbt99pdn-oZonVMZizlQX2n8DtGEX4xvLks-ti5wEKEkbd4GN9X-hYjmzXEvPcm25BDMJVggJSUWxw,47 PKHI,GOD,189,699,80,24
a1hzin_uu6tag5OGf0IuyvbC6VOfzYLz41w_HX0pljY3-u1HTGv2gJtkltwth-5ugO_Mez_P8HZheA,OnigiRi,slash,190,699,86,24
sDu9WX4cCcV_RLhv5aze4pAxr4sZplMo_5okZ_bjQQRsAwGHVbgpNqV2kA4s_CUEFOJ__bP23pE-mQ,APH theDoctorr,0000,191,698,192,24
ami6bSoOBw5fAeC6o9giUuG3tqssw73JJduhWUKFHLrc2YLc6QNguk8zgUGCzuYuVy8ZIiboVi8YsA,SNH jazper,17yo,192,698,126,24
EVDKDMGfb_-zzrtpeQKOe-dNgcFYN0ZyF-NdOaO1Rx_GyUoNI-Ny60ogW89YcO6Y4xnrR7dXQdZhOw,GFN Fung3,GFN,193,696,74,24
vqof9b8tEn6gdhIzQbjUxJ5VDiY7jcGq5jIMHuT0c_zLBqtn5g3zVLBL5AieAqtlaSsvxIoUDtJg4g,JdFaker,FOK,194,696,66,24
kFC66lSCKP3dG-RfUK3p38Wj__b3yoLcIxnb2fMw8M3Bs4H55UgbZlloCroC_3t_5GZvDQGWjq03iQ,wisa,NSF,195,696,107,24
iUtc36l77COU-u4J0Tk_ZuvRpe4sJyeKsjkXRjmxltzsnoPm3FLoE9FHLJ7GPWlRFll1suZs07efjw,GX Shun,help,196,695,83,24
PELN-9tGPh89iChxNEqiDqeqZAtcAy-uAmTkUSIPBs-4IBYAwbYAQ_VKWDutiC6R8RUE2bqmyqDK_g,NCG Maxeee,STR,197,692,115,24
,,,198,692,103,24
gqxZkILzPdHzYI_kzEQYJwFpWhwJTgCmhuYi-_MxwPdhmRX9IwogUpDzMCz2l9Uq7LEgjY7dVgKNJA,APH ABATMAN,KLBN7,199,691,98,24
84qTYxQeDWqXFvKj1UcgKzkUkc5wZdH0ihYkKFklIYBUi4j3qhHwPeZauqo8KZ0hW50ZQqkB_g-5aQ,TLN Gnaru,TALON,200,691,106,24
